Id,name,company,location,position,type,or
25MeMa,Top25MedienmacherUnter35,KressPro,,,preis,
25Ne,Die25NewcomerDesJahres,KressPro,,,preis,
3SAT,3Sat,,,,employment,j
AKHi,AnnKathrinHipp,RadioEins,Berlin,FreieKommentatorin,person,
AKWe,AnnKathrinWetter,BayrischerRundfunk,Muenchen,Reporterin,person,
AlAg,AltanaAg,,Wesel,,employment,n
AlBa,AlexandraBauer,NDR,Hamburg,Moderatorin,person,
AlRh,AlexanderRhombergPreis,,,,preis,
AlSc,AlinaSchadwinkel,Zeit,Berlin,Wissenschaftsjournalistin,person,
AlZeLue,AllgemeinenZeitungderLueneburgerHeideinUelzen,,Lueneburg,,employment,n
AmAw,AmikoAward,,,,preis,
AmBe,AminataBelli,NorddeutscherRundfunk,Hamburg,FreieJournalistin,person,
AMD,AkademiefuerModeundDesign,,Hamburg,,education,
AmIn,AmnestyInternational,,London,,engagement,
AMP,AlternativerMedienPreis,SueddeutscheZeitung,Muenchen,,preis,
AMUK,AlbertusMagnusUniversitaetzuKoeln,,Koeln,,education,
AmUn,AmericanUniversity,,Washington,,education,
AmUnCa,TheAmericanUniversityinCairo,,Cairo,,education,
AmWe,AmelieMarieWeber,FunkeMediengruppe,Berlin,Redakteurin,person,
AnBi,AnnaBiselli,,,Informatikerin,person,
AnBr,AnnikaBrockschmidt,Zeit,Berlin,FreieJournalistin,person,
AnFe,AnnaFeist,ZweitesDeutscheFernsehen,Mainz,Reporterin,person,
AnGe,AngeliqueGeray,,,,person,
AnKaGe,AnneKathrinGerstlauer,DieZeit,Hamburg,Konzeption,person,
AnGr,AngelaGruber,,Hamburg,Auslandsreporterin,person,
AnKaBu,AnnKathrinBueuesker,Deutschlandfunk,Koeln,RedakteurinModeratorin,person,
AKHi,AnnKathrinHipp,RBB,Berlin,Kommentatorin,person,
AnMay,AnnaMayr,,Correctiv,FreieJournalistin,person,
AnMa,AntoniaMannweiler,FAZ,Frankfurt,Redakteurin,person,
AnPa,AnnaPaarmann,MedienhausLueneburg,Lueneburg,DigitalKoordinatorin,person,
AnPe,AnnaPetersen,LandeszeitungfuerdieLueneburgerHeide,,Pauschalistin,person,
AnRe,AnnaReuue,SueddeutscheZeitung,Muenchen,Redakteurin,person,
AnSe,AnettSelle,DieZeit,Hamburg,FreieJournalistin,person,
ARD,ArbeitsgemeinschaftDerOeffentlichRechtlichenRundfunkanstaltenDerBRD,,Berlin,,employment,j
ArStBr,ARDStudioBruessel,,Bruessel,,employment,j
ARTE,Arte,,Strassburg,,employment,j
ASP,AxelSpringerPreis,AxelSpringerAkademie,Berlin,,preis,
AxSp,AxelSpringer,AxelSpringerSE,Berlin,,employment,n
AxSpAk,AxelSpringerAkademie,AxelSpringerSE,Berlin,,education,
AyIb,AyaIbrahim,DeutscheWelle,,Reporterin,person,
BaBe,BardBerlinArtsUniversity,,Berlin,,education,
BaNeNa,BadischenNeuestenNachrichten,BadendruckGmbH,Karlsruhe,,employment,n
BaRu,BayerischerRundfunk,,Muenchen,,employment,j
BAUNWE,BauhausUniversitaetWeimar,,Weimar,,education,
BeFe,BerlinerFestspiele,,Berlin,,employment,n
BeKu,BerlinerKurier,BerlinerKurier,Berlin,,employment,n
BJVPf,BayrischerJournalistenVerbandPressefreiheitpreis,,Muenchen,,preis,
BLD,Bild,AxelSpringerSE,Berlin,,employment,n
BR,BayerischerRundfunk,,Muenchen,,employment,j
BuJo,BurdaJournalistenschule,HubertBurdaMedia,Offenburg,,education,
BuPoBi,BundeszentraleFuerPolitischeBildung,,Bonn,,employment,n
CaDr,CarolinaDrueten,WeltN24,Berlin,Redakteurin,person,
CaSc,CathrinSchmiegel,DerSpiegel,,Redakteurin,person,
CaVe,CarlsenVerlagGmbH,CarlsenVerlagGmbH,Hamburg,,employment,n
ChMe,ChristinaMetallinos,BayrischerRundfunk,Muenchen,Moderatorin,person,
CiHo,CianiSophiaHoeder,RosaMag,Muenchen,FreieMitarbeiterin,person,
CIMe,CIVISMedienpreis,AxelSpringerAkademie,,,preis,
CiUnLo,CityUniversityofLondon,,London,,education,
ClBe,ClaireBeermann,DieZeit,Hamburg,StyleDirector,person,
CoBi,CodeForBielefeld,,Bielefeld,,engagement,
CoId,CoolIdeasSocietyDeutschland,,,,preis,
CoMa,CouragiertMagazin,CouragiertMagazin,,,employment,n
CoMe,CoburgerMedienpreis,DeutscheJournalistenschule,Muenchen,,preis,
Corr,Correctiv,,Essen,,employment,n
CoUn,ColumbiaUniversityGraduateSchoolofJournalism,,NewYork,,education,
CrHe,CristinaHelberg,Correctiv,,Reporterin,person,
DAAD,DAADGermanAcademicExchangeService,,Bonn,,engagement,
DaBi,DanielaBiehl,RheinNeckarZeitung,Konstanz,FreieJournalistin,person,
DaEc,DarmstaedterEcho,EchoLive,Darmstadt,,preis,
DaFl,DaphneFlieger,ZDF,Mainz,Redaktionsleiterin,person,
DaJoAw,DataJournalismAward,,Berlin,,preis,
DaMeJo,DanmarksMedieogJournalisthojskole,,Aarhus,,education,
DeJo,DenkfestJournalistin,KulturbueroDerMetropolregionRheinNeckar,,,preis,
De,Deezer,,,,employment,n
DeBu,DeutscherBundestag,,Berlin,,employment,n
DeFe,DeutscherFernsehpreis,,,,preis,
DeFu,Deutschlandfunk,,Koeln,,employment,j
DeJoPrLaRe,DeutschesJournalistenProgrammLateinamerikaRecherchestipendium,,,,preis,
DeJoSc,DeutschenJournalistenschule,,Muenchen,,education,
DeLoJo,DeutscherLokaljournalistenpreis,KonradAdenauerStiftung,Bonn,,preis,
DePrOn,DeutscherPreisFuerOnlinekommunikation,,,,preis,
DeRaPr,DeutscherRadiopreis,Deutschlandradio,Koeln,,preis,
DeRa,Deutschlandradio,,Koeln,,employment,j
DeRe,DeutscherReporterpreis,WeltN24,Berlin,,preis,
DeSp,DerSpiegel,SPIEGELVerlagRudolfAugstein,Hamburg,,employment,n
DeTa,DerTagesspiegel,VerlagDerTagesspiegelGmbH,Berlin,,employment,n
DeWe,DeutscheWelle,,Bonn,,employment,n
DeWi,DeutscherWirtschaftsfilmpreis,BundesministeriumFuerWirtschaftUndEnergie,,,preis,
DiMeWo,DigitalMediaWomen,DigitalMediaWomenEV,Hamburg,,engagement,
DIMR,DeutschesInstitutFuerMenschenrechteRecherchestipendium,,Berlin,Recherchestipendium,preis,
DiRh,DieRheinpfalz,RheinpfalzVerlagUndDruckereiGmbHCoKG,LudwigshafenAmRhein,,employment,n
DiZe,DieZeit,ZeitverlagGerdBuceriusGmbHuCoKG,Hamburg,,employment,n
DJS,DeutscheJournalistenschule,,Muenchen,,education,
DJU,DeutscheJournalistinnenUnion,verdi,Berlin,,engagement,
DLRG,DeutscheLebensrettungsGesellschaft,,,,engagement,
DNt,DPANewsTalent,,Bern,,preis,
DoFi,DocuvistaFilmproduktion,,Berlin,,employment,n
DoSc,DorotheaSchmitz,AxelSpringerAkademie,Berlin,Schuelerin,person,
DoTo,DorotheeTorebko,MaerkischeOderzeitung,FrankfurtOder,Redakteurin,person,
DPA,DeutschePresseAgentur,DeutschePresseAgenturGmbH,Berlin,,employment,n
DpIgAw,DPAInfografikAward,WeltN24,Berlin,,preis,
DuRa,DunjaRamadan,SuedeutscheZeitung,Muenchen,Redakteurin,person,
DuUn,DurhamUniversity,,Durham,,education,
EbKaUn,EberhardKarlsUniversitaetTuebingen,,Tuebingen,,education,
EcPr,EckensbergerPreis,EckensbergerStiftung,Braunschweig,,preis,
EKU,EberhardKarlsUniversitaet,,Tuebingen,,education,
ElGa,ElisabethGamperl,SueddeutscheZeitung,Muenchen,ManagingEditor,person,
ElHa,ElisaHarlan,BayrischerRundfunk,Muenchen,Redakteurin,person,
ElHo,ElisavonHof,DerSpiegel,Hamburg,FreieJournalistin,person,
ElMeSc,ElectronicMediaSchool,,Potsdam,,education,
ElSc,ElisaSchwarz,SueddeutscheZeitung,Muenchen,Redakteurin,person,
EmUl,EmilyUlbricht,DeutschlandfunkKultur,Berlin,FreieJournalistin,person,
EnSc,EndeavorScholar,EndeavorFoundation,,,preis,
ErZi,EricaZingher,taz,Berlin,Redakteurin,person,
EuDiPuAw,EuropeanDigitalPublishingAward,MedienfachverlagOberauer,,,preis,
EuNeAw,EuropeanNewspaperAward,WeltN24,Berlin,,preis,
EuPa,EuropeanParliament,,Brussels,,employment,n
ExAwIn,ExzellenzAwardfuerInvestigativeRecherche,AxelSpringerPreis,,,preis,
FaBr,FranziskaBroich,,,EUKorrespondentin,person,
FAU,FriedrichAlexanderUniversitaet,,Nuernberg,,education,
FAZ,FrankfurterAllgemeineZeitung,FrankfurterAllgemeineZeitungGmbH,Frankfurt,,employment,n
FEJS,ForumForEuropeanJournalismStudents,,,,engagement,
FiUnBa,FilmuniversitaetBabelsbergKonradWolf,,Babelsberg,,education,
FIVP,FriedrichundIsabelVogelPreis,FriedrichIsabelVogelStiftung,Essen,Wirtschaftsjournalismus,preis,
FJS,FreieJournalistenSchule,,Berlin,,education,
FoMa,FocusMagazin,FocusMagazin,Berlin,,employment,n
Fora,ForaNetworkforChange,,Toronto,,engagement,
FrGr,FranziskaGrillmeier,DieZeit,Hamburg,FreieJournalistin,person,
FrInSyInRe,FraunhoferInstituteforSystemsandInnovationResearchISI,,Karlsruhe,,education,
FrIPA,FraunhoferIPA,,Mannheim,,education,
FrJo,FreieJournalistin,,,,employment,n
FrKe,FranziVonKempis,,Berlin,Redakteurin,person,
FrKl,FranziskaKlemenz,Saechsischde,Dresden,Reporterin,person,
FrSc,Freischreiber,,Hamburg,,employment,n
FrUnBe,FreieUniversitaetBerlin,,Berlin,,education,
FuAs,FunkhausAschaffenburg,,Aschaffenburg,,employment,n
FuMe,FunkeMediengruppe,FunkeMediengruppe,Berlin,,employment,n
Funk,funkContentNetzwerkvonARDundZDF,,Mainz,,employment,j
FVP,FriedrichVogelPreis,WirtschaftsWoche,Berlin,,preis,
GeEmLo,GermanEmbassyLondon,,London,,employment,n
GeHoPr,GeorgvonHoltzbrinckPreisfuerWirtschaftsjournalismus,VerlagsgruppeGeorgvonHoltzbrinck,,,preis,
GiFo,GioiaForster,DPA,,Volontarin,person,
GiNi,GiannaNiewel,SuedeutscheZeitung,Muenchen,Redakteurin,person,
GLJA,GermanLocalJournalistAward,SueddeutscheZeitung,Muenchen,,preis,
GlMeAw,GlobalMediaAward,InternationalNewsMediaAssociation,,,preis,
GOA,GrimmeOnlineAward,GrimmeInstitut,Marl,,preis,
GoBo,GoldenerBlogger,,,,preis,
GoeUn,GoetheUniversitaet,,Frankfurt,,education,
GoIn,GoetheInstitutRecherchestipendium,GoetheInstitut,Muenchen,,preis,
GoInJo,GoetheInstitutJohannesburg,,Johannesburg,,education,
GoNe,GoldNewsAndPoliticsInVideo,TheLovieAwards,,,preis,
GrOnAw,GrimmeOnlineAward,,,,preis,
GrUJa,VerlagshausGrunerUJahr,GrunerUndJahrGmbH,Hamburg,,employment,n
GSP,GeorgSchreiberPreis,SueddeutscheZeitung,Muenchen,,preis,
GuRe,GutenbergRecherchepreis,VRMMediengruppe,Mainz,,preis,
HaKeSc,HarvardKennedySchool,,Cambridge,,education,
HaKn,HannahKnuth,DieZeit,Hamburg,Redakteurin,person,
HaMe,HamburgMediaSchool,,Hamburg,,education,
HaSc,HannahSchwaer,AxelSpringerAkademie,Berlin,Schuelerin,person,
HdM,HochschuleDerMedien,,Stuttgart,,education,
HeBi,HelenBielawa,DeutschePresseAgenturGmbH,Bielefeld,FreieJournalistin,person,
HeBoSt,HeinrichBoellStiftungRecherchestipendium,,Berlin,,preis,
HeHe,HeinrichHeineUniversitaetDuesseldorf,,Duesseldorf,,education,
HeNaSc,HenriNannenSchule,,Hamburg,,education,
HeRe,HeleneReiner,BayrischerRundfunk,Muenchen,Nachrichtensprecherin,person,
HeRiLa,HenryRichardsonLabouissePreis,PrincetonUniversity,,,preis,
HeRu,HessischenRundfunk,,Frankfurt,,employment,j
HeScJoPr,HelmutSchmidtJournalistenpreis,INGDiBa,,,preis,
HeScNaPr,HelmutSchmidtNachwuchspreis,INGDiBa,,,preis,
HeSt,HeilbronnerStimme,HeilbronnerStimmeGmbHUndCoKG,Heilbronn,,employment,n
HHU,HeinrichHeineUniversitaet,,Duesseldorf,,education,
HKTW,HochschuleKarlsruhefuerTechnikundWirtschaft,,,,education,
HMKW,HochschulefuerMedienKommunikationundWirtschaft,,Berlin,,education,
HNJo,HenriNannenJournalistenschule,,Hamburg,,education,
HNP,HenryNonsensPreis,DummyMagazin,Berlin,,preis,
HoMaSt,HochschuleMagdeburgStendal,,Magdeburg,,education,
HoMe,HolzmannMedienGmbH,,,,employment,n
HoDi,HochschulperleDigital,,,,education,
HoMit,HochschuleMittweida,,Mittweida,,education,
HoUt,HogeschoolUtrecht,,Utrecht,,education,
HQM,HerbertQuandtMedienpreis,WirtschaftsWoche,Berlin,,preis,
Hu11FiGu,Hunter11Films,,Guatemala,,employment,n
HuBuMe,HubertBurdaMedia,HubertBurdaMedia,Berlin,,employment,n
HuUnBe,HumboldtUniversitaetBerlin,,Berlin,,education,
IEA,InternationalEmmyAwards,ZweitesDeutschesFernsehen,Mainz,,preis,
IFN,InstitutzurFoerderungpublizistischenNachwuchses,,Muenchen,,education,
IlKn,IlkaKnigge,DLF,Koeln,Ressortleiterin,person,
IMJU,InternationalMusicJournalismAward,,,,preis,
InBeAw,InformationIsBeautifulAward,,,,preis,
InMo,InstitutFuerModeration,,Stuttgart,,education,
InMuJoAw,InternationalMusicJournalismAward,DasReeperbahnFestival,Hamburg,,preis,
InPr,InnovationspreisBeimMedienkompetenzpreis,FishFestival,,,preis,
ipas,InternationalAndPublicAffairsSociety,,London,,engagement,
IrMe,IrisMeinhardt,BayerischerRundfunk,Muenchen,Volontaerin,person,
IsBe,IsabellBeer,Funk,Berlin,Redakteurin,person,
IsBiUe,IstanbulBilgiUeniversitesi,,Istanbul,,education,
IsRu,IsabelRuf,BadischeNeusteNachrichten,Karlsruhe,Redakteurin,person,
JaGo,JacquelineGoebel,Wirtschaftswoche,Berlin,Redakteurin,person,
JaOf,JasminOff,SchwaebischeZeitung,,Redaktionsleiterin,person,
JeBa,JessicaBaker,DeutschenHandwerksZeitung,BadWoerishofen,Redakteurin,person,
JoAk,JournalistenakademieDerKonradAdenauerStiftung,KonradAdenauerStiftung,,,education,
JoGu,JohannesGutenbergUniversitaet,,Mainz,,education,
jone,JournalistsNetwork,,,,engagement,
JoSo,JournalistischerSonderpreisRechtsextremismusImSpiegelDerMedien,DeutschenJournalistenVerband,,,preis,
JOTY,JournalistOfTheYear,FreieJournalistin,Berlin,,preis,
JuKl,JuliaKlaus,ZDF,Mainz,Redakteurin,person,
JuLo,JuliaLorenz,DerSpiegel,Hamburg,FreieJournalistin,person,
JuWe,JuliaWeller,BadischenNeuestenNachrichten,Karlsruhe,FreieJournalistin,person,
JWGU,JohannWolfgangGoetheUniversitaet,,Frankfurt,,education,
KaBr,KatharinaBrunner,SZ,,Datenjournalistin,person,
KaHe,KatharinaHeckendorf,DieZeit,Hamburg,FreieJournalistin,person,
KaJo,KatholischeJournalistenschuleIFP,,Muenchen,,education,
KaKl,KajaKlapsa,WeltN24,Berlin,Redakteurin,person,
KaMe,KAUSAMedienpreis,BundesministeriumBildungForschung,Bonn,,education,
KaUnEi,KatholischeUniversitaetEichstaettIngolstadt,,,,education,
KaWe,KathrinWesolowski,DeutscheWelle,Mainz,Reporterin,person,
KDJ,KonradDudenJournalistenpreis,DieZeit,Hamburg,,preis,
KiSc,KiraSchacht,DeutscheWelle,Bonn,FreieJournalistin,person,
KIT,KarlsruherInstitutfuerTechnologie,,Karlsruhe,,education,
KoAdSt,KonradAdenauerStiftung,,Bonn,,education,
KoeSt,KoelnerStadtAnzeiger,,Koeln,,employment,n
KoJo,KoelnerJournalistenschule,KoelnerJournalistenschuleFuerPolitikUndWirtschaftEV,Koeln,,education,
KrLe,KreuzerDasLeipzigMagazin,KreuzerMedienGmbH,Leipzig,,employment,n
Kubu,Kulturbuddys,Caritasverband,Berlin,ehrenamtlicheMitarbeiterin,engagement,
LaAh,LaurinaAhlers,SuedlaenderTageblatt,Plettenberg,FreieJournalistin,person,
LaBa,LauraLoredanaBackes,,Hamburg,FreieJournalistin,person,
LaBaWu,LandBadenWuerttemberg,,Stuttgart,,employment,n
LaDi,LauraDiaz,DieZeit,Hamburg,Redakteurin,person,
LaGi,LauraGitschier,PrimeProductions,Koeln,Redakteurin,person,
LaGo,LauraGoudkamp,BayerischerRundfunk,Muenchen,FreieJournalistin,person,
LaKa,LauraKatharinaLewandowski,DeutschePresseAgenturGmbH,Hamburg,VideoReporterin,person,
LaLei,Landesjugendleitung,,,,engagement,
LaRu,LausitzerRundschau,,Cottbus,,employment,n
LaTe,LauraTerberl,,,Videoredakteurin,person,
LaTh,LaraThiede,jetztde,Muenchen,Redaktionsleiterin,person,
LBP,LeserBlattbindungsPreis,SuedlaenderTageblatt,Plettenberg,,preis,
LBS,LBSWegweiserPreis,KatholischeJournalistenschule,Muenchen,,preis,
LeAl,LenaAlt,,,,person,
LeAw,LeadAward,WeltN24,Berlin,,preis,
LeDe,LeaDeuber,Wirtschaftswoche,Shanghai,Auslandskorrespondentin,person,
LeMe,LeipzigSchoolOfMedia,,Leipzig,,education,
LeNi,LenaNiethammer,DieZeit,Hamburg,Redakteurin,person,
LeSc,LenaSchumacher,,Stuttgart,,person,
LeSo,LeonieSontheimer,,Berlin,FreieJournalistin,person,
LeaSt,LeaSteinacker,Wirtschaftswoche,,ChiefInnovationOfficer,person,
LeSt,LenaSterz,,,LandespolitischeHoerfunkkorrespondentin,person,
LeUn,LeuphanaUniversitaetLueneburg,,Lueneburg,,education,
LFK,MedienpreisderLandesmedienanstaltfuerKommunikation,,,,preis,
LfM,LfMCampusRadioPreis,,,,preis,
LiHe,LisaHegemann,,Berlin,FreieJournalistin,person,
LiMc,LisaMcMinn,Krautreporter,Berlin,Chefredakteurin,person,
LiTi,LinaTimm,,Muenchen,FreieJournalistin,person,
LiWe,LisaWeitemeier,,,Redakteurin,person,
LMU,LudwigMaximiliansUniversitaet,,Muenchen,,education,
LoJo,LokalJournalistenpreis,PforzheimerZeitung,Pforzheim,,preis,
LSE,LondonSchoolOfEconomicsAndPoliticalScience,,London,,education,
LuTh,LuisaThome,Zeit,Koeln,Redakteurin,person,
LWA,LouisWinnickAward,GimletMedia,NewYork,,preis,
MaaUn,MaastrichtUniversity,,Maastricht,,education,
MaeOd,MaerkischeOderzeitung,,FrankfurtOder,,employment,
MaFj,Malofiej,,,,preis,
MaHa,MarieHanrath,WDR,Koeln,Formatentwicklerin,person,
MaHe,MarliesHesseSonderpreis,JournalistinnenbundEV,,,preis,
MaKn,MarleneKnobloch,,,FreieJournalistin,person,
MaLoTi,MarieLouiseTimcke,,,Volontaerin,person,
MaLuUn,MartinLutherUniversitaetHalleWittenberg,,Halle,,education,
MaMe,MariaMenzel,Freelancer,Berlin,FreieJournalistin,person,
MaMo,MannheimerMorgen,,Mannheim,,employment,n
MaPlIn,MaxPlanckInstitutFuerEmpirischeAesthetik,,Frankfurt,,employment,n
MaRe,MariekeReimann,Sueddeutschezeitung,Berlin,FreieJournalistin,person,
MaUn,MaastrichtUniversityFacultyOfArtsAndSocialSciences,,Maastricht,,education,
MarUn,MarmaraUniversitaet,,Istanbul,,education,
MaWu,MaikeWurtscheid,DocuvistaFilmproduktion,Berlin,Regisseurin,person,
MDR,MitteldeutscherRundfunk,,Leipzig,,employment,j
MeBi,MedienpreisBildungsjournalismus,DeutscheTelekomStiftung,,,preis,
MeDeDi,MedienpreisDerDeutschenDiabetesGesellschaft,DeutschenDiabetesGesellschaft,,,preis,
MeHi,MedienpreisHIVAIDS,BayerischerRundfunk,Muenchen,,preis,
MeKa,MerveKayikci,SWR,,Moderatorin,person,
MeLoe,MedienloewinnenPreis,SueddeutscheZeitung,Muenchen,,preis,
MeLue,MedienhausLueneburg,,Lueneburg,,employment,n
Mepr,Mentorenprogramm,PresseClub,Muenchen,,engagement,
MG,MaleneGuergen,taz,,Redakteurin,person,
MiCa,MirayCaliskan,DerTagesspiegel,Mannheim,Redakteurin,person,
MiDa,MiriamDavoudvandi,WDR,Berlin,FreieJournalistin,person,
MIFo,MIZFormfestival,FrankfurterAllgemeineZeitung,Frankfurt,,preis,
MiLe,MiriamLenz,Correctiv,Berlin,Reporterin,person,
MiOl,MiriamOlbrisch,DerSpiegel,Hamburg,Redakteurin,person,
MiTr,MirijamTrunk,RTL,Koeln,ChiefSustainabilityandDiversityOfficer,person,
MuPr,Multimediapreis,AkademieDerBayerischenPresse,,,preis,
MuSt,Muenchenstift,,Muenchen,,engagement,
NOst,NetzwerkFuerOsteuropaBerichterstattungRecherchestipendium,,Berlin,,preis,
NaBa,NadjaBascheck,WDR,Koeln,Moderatorin,person,
NaJoBa,NachwuchsjournalistenBayern,HannsSeidelStiftung,Muenchen,,preis,
NaPr,NannenPreis,VerlagshausGrunerUJahr,Hamburg,,preis,
NBR,NeueBerlinerRedaktionsgesellschaft,,Berlin,,employment,n
NDR,NorddeutscherRundfunk,,Hamburg,,employment,j
NeDe,NeuenDeutschenMedienmacherinnen,,,,engagement,
NePo,netzpolitikorg,,,,engagement,
NeRe,NetzwerkRecherche,NetzwerkRechercheEV,Berlin,,engagement,
NhLe,NhiLe,,,FreieJournalistin,person,
NiKl,NinaKlippel,DerSpiegel,,FreieJournalistin,person,
NiLa,NikeLaurenz,DerSpiegel,Hamburg,Redakteurin,person,
NiMe,NiedersaechsischerMedienpreis,NiedersaechsischenLandesmedienanstalt,Hannover,,preis,
NiSa,NiddalSalahEldin,Welt24,Berlin,SocialMediaRedakteurin,person,
NoJa,NoraJakob,WDR,Koeln,FreieJournalistin,person,
NoNa,NoraNagel,Docupy,,LeiterinOnlineredaktion,person,
NYF,NewYorkFestival,ZDF,Mainz,,preis,
OBP,OttoBrennerPreis,DossierAT,Wien,,preis,
OFU,OttoFriedrichUniversitaet,,Bamberg,,education,
OlSa,OliviaSamnick,,Hamburg,FreieJournalistin,person,
OnJoAw,OnlineJournalismAward,,,,preis,
OpIn,OpenInnovationCity,,,,engagement,
OrGe,OriginalsGesucht,republicaUndDeezer,,,preis,
OtBrNe,OttoBrennerNewcomerpreis,OttoBrennerStiftungIGMetall,Frankfurt,,preis,
PaWoSePr,PaterWolfgangSeibelPreis,InstitutZurFoerderungPublizistischenNachwuchses,Muenchen,,preis,
PhUn,PhilippsUniversitaet,,Marburg,,education,
PiSi,PiaSiber,Correctiv,Berlin,Reporterin,person,
Plus,PULSBayerischerRundfunk,AlliteraVerlag,Muenchen,,engagement,n
Po,Podimo,,,,employment,n
PoBa,PolinaBaumgarten,DieZeit,Hamburg,VideoRedakteurin,person,
PrIt,PrixItalia,BayrischerRundfunk,Muenchen,,preis,
PrUn,PrincetonUniversity,,NewJersay,,education,
PuDj,PuneDjalilevand,RBB,Berlin,Redakteurin,person,
PWS,PaterWolfgangSeibelPreis,DieZeit,Hamburg,,preis,
RaFr,RadioFritz,RBB,Berlin,,employment,j
RaRe,RadioRegenbogen,,Mannheim,,employment,n
RaTa,RadiowettbewerbTatfunk,,,,preis,
RBB,RundfunkBerlinBrandenburg,,Berlin,,employment,j
rbMe,rbbMedienpreis,RundfunkBerlinBrandenburg,Berlin,,preis,
RhNe,RheinNeckarZeitung,RheinNeckarZeitungGmbH,Heidelberg,,employment,n
RHP,RobertHochnerPreis,DossierAT,Wien,,preis,
RiPr,RIASPreis,WeltN24,Berlin,,preis,
RKUn,RuprechtKarlsUniversitaet,,Heidelberg,,education,
RoLuSt,RosaLuxemburgStiftungStudienstipendium,RosaLuxemburgStiftung,Berlin,,preis,
RoMe,RonjaMerkel,DerSpiegel,Hamburg,FreieJournalistin,person,
ReBa,RebeccaBarth,WDR,Koeln,Reporterin,person,
SaHo,SalwaHoumsi,,,Moderatorin,person,
SaJaBh,SaraJasminBhatti,,,FreieJournalistin,person,
SaKo,SarahKoldehoff,,,FreieJournalistin,person,
SaSch,SaraSchurmann,Vice,,Textchefin,person,
SaUl,SarahUlrich,,,FreieJournalistin,person,
SaZe,SaechsischeZeitung,DDVMediengruppe,Dresden,,employment,n
ScZe,SchwaebischeZeitung,,LeutkirchImAllgaeu,,employment,n
SeMa,SelinaMarx,Suedwestrundfunk,Mainz,Reporterin,person,
SHP,SmartHeroPreis,StiftungDigitaleChancen,Berlin,,preis,
SiPi,SciencePie,,,,engagement,
SiWa,SiriWarrlich,,,Videoredakteurin,person,
SmHeAw,SmartHeroAward,StiftungDigitaleChancen,,,preis,
SoFa,SofiaFaltenbacher,Vice,Berlin,Redakteurin,person,
SoGa,SophieGarbe,,Berlin,FreieJournalistin,person,
SoHo,SoedertoernsHoegskola,,Stockholm,,education,
SoSc,SophiaSchirmer,DerSpiegel,,Ressortleiterin,person,
SoVoDeTa,SophieVonDerTann,ErsteDeutscheFernsehen,Berlin,AuslandsKorrespondentin,person,
Spot,Spotify,,,,employment,n
SpPoSl,SprachaktivU20PoetrySlam,,Leipzig,,employment,n
StDo,StefanieDodt,,,FreieReporterin,person,
StGe,Stradtueengezwitscher,StradtueengezwitscherEV,Dresden,,employment,n
StMe,StiftungMercator,StiftungMercatorGmbH,Essen,,employment,n
StRat,StipendiatInnenRat,,,,employment,n
SueP,SuedwestPresse,,Ulm,,employment,n
SueTa,SuedlaenderTageblatt,,Plettenberg,,employment,n
SuHo,SusanneHoeb,,Berlin,Redakteurin,person,
SWR,Suedwestrundfunk,,Mainz,,employment,j
SZ,SueddeutschenZeitung,,Muenchen,,employment,n
TaRoe,TaniaRoettger,Correctiv,,Redakteurin,person,
TaTe,TalTechueTallinnUniversityOfTechnology,,Tallinn,,education,
TaUn,TallinnUniversity,,Tallinn,,education,
TAZ,TazDieTageszeitung,TAZVerlagsUndVertriebsgesellschaft,Berlin,,employment,n
TBMe,TVBWMedienproduktion,,Pforzheim,,employment,n
TeAvUn,TelAvivUniversity,,TelAviv,,education,
TeMo,TecDeMonterrey,,Monterrey,,education,
TeSi,TeresaSickert,DerSpiegel,Berlin,FreieJournalistin,person,
TeUn,TechnischeUniversitaetIlmenau,,Ilmenau,,education,
TeUnDr,TechnischeUniversitaetDresden,,Dresden,,education,
TeUnHa,TEDxUniHalle,,,,education,
ThOr,TheOregonian,InternationalCenterForJournalists,,,employment,n
ThRe,TheresaRentsch,DeutschePresseAgentur,Berlin,HeadOfProductManagement,person,
ThSp,ThoughtSpark,ThoughtSparkAgency,London,,employment,n
ThWo,ThembiWolf,FAZ,,FreieJournalistin,person,
TNM,TopNachwuchsfuehrungskraefteMedien,BertelsmannAudioAlliance,Guetersloh,,preis,
TSCE,TSCEintracht,,Dortmund,,employment,n
TuDo,TechnischeUniversitaetDortmund,,Dortmund,,education,
u30,DieTop30bis30desJahres,Mediummagazin,,,nominierung,
UCL,UniversityCollegeLondon,,London,,education,
UlBu,UllsteinBuchverlageGmbH,UllsteinBuchverlageGmbH,Berlin,,education,
UnAa,AarhusUniversity,,Aarhus,,education,
UnBA,UniversidadDeBuenosAires,,BuenosAires,,education,
UnBi,UniversitaetBielefeld,,Bielefeld,,education,
UnBM,UniversitaetderBundeswehr,,Muenchen,,education,
UnBo,UniversitartBonn,,Bonn,,education,
UnBr,UniversityOfBristol,,Bristol,,education,
UnBuAi,UniversitaetBuenosAires,,BuenosAires,,education,
UnCo,UniversityofCopenhagen,,Copenhagen,,education,
UnDu,UniversitaetDuesseldorf,,Duesseldorf,,education,
UnEAS,UniversityofEuropeforAppliedSciences,,Potsdam,,education,
UnEd,UniversityofEdinburgh,,Edinburgh,,education,
UnGr,UniversitaetGroningen,,Groningen,,education,
UnHa,UniversitaetHamburg,,Hamburg,,education,
UnHav,UniversityofHavana,,Havana,,education,
UnHe,UniversitaetHeidelberg,,Heidelberg,,education,
UnHo,UniversitaetHohenheim,,Stuttgart,,education,
UnJe,UniversitaetJena,,Jena,,education,
UnKo,UniversitaetKonstanz,,Konstanz,,education,
UnKoe,UniversitaetKoeln,,Koeln,,education,
UnKu,UniversitaetDerKuenste,,Berlin,,education,
UnLe,UniversitaetLeipzig,,Leipzig,,education,
UnLo,UniversityofLondon,,London,,education,
SOUnLo,SOUniversityofLondon,,London,,education,
UnLu,UniversitaetLuxemburg,,Luxemburg,,education,
UnMa,UniversitaetMainz,,Mainz,,education,
UnMan,UniversitaetMannheim,,Mannheim,,education,
UnMue,UniversitaetMuenster,,Muenster,,education,
UnNaCu,UniversidadNacionalDeCuyo,,Mendoza,,education,
UnOh,OhioUniversity,,Ohio,,education,
UnOl,UniversitaetOldenburg,,Oldenburg,,education,
UnOs,UniversitaetOsnabrueck,,Osnabrueck,,education,
UnOx,UniversityofOxford,,Oxford,,education,
UnPaCi,UniversiteParisCite,,Paris,,education,
UnPo,UniversitaetPotsdam,,Potsdam,,education,
UnPoFa,UniversitatPompeuFabra,,Barcelona,,education,
UnPro,UniversitedeProvence,,Marseille,,education,
UnRe,UniversitaetRegensburg,,Regensburg,,education,
UnSe,UniversidadDeSevilla,,Sevilla,,education,
UnSoNo,UniversiteSorbonneNouvelle,,Paris,,education,
UnStGa,UniversityofStGallen,,Schweiz,,education,
UnWi,UniversitaetWien,,Wien,,education,
UnWiHe,UniversitaetWitten/Herdecke,,Witten,,education,
UtUn,UtrechtUniversity,,Utrecht,,education,
UWCAt,UWCAtlanticCollege,,LlantwitMajor,,education,
UWP,UlrichWickertPreis,DeutschlandfunkNova,Koeln,,education,
VaSc,ValerieSchoenian,ZEIT,Leipzig,Redakteurin,person,
VaVu,VanessaVu,Zeit,,Redakteurin,person,
ViBo,VictoriaBolmer,Bento,Hamburg,Ressortleiterin,person,
Vice,Vice,,Berlin,,employment,n
ViRe,VictoriaReith,Deutschlandradio,Koeln,Journalistin,person,
VoMiThTr,VoMinhThuTran,WestdeutscherRundfunk,Koeln,FreieJournalistin,person,
Watson,watsonde,AZMedienAG,Zuerich,,employment,n
WDR,WestdeutscherRundfunk,,Koeln,,employment,j
WeInNe,PublikumspreisWegeinsNetz,BundesministeriumFuerWirtschaft,,,preis,
Welt,Welt,WeltN24,Berlin,,employment,n
WeWiUn,WestfaelischeWilhelmsUniversitaetMuenster,,Muenster,,education,
WiWo,Wirtschaftswoche,,Berlin,,employment,n
WIX,Wixcom,,TelAviv,,employment,n
WMP,WMPEuroComAG,,Berlin,,employment,n
WoiS,WomenininternationalSecurity,,,,employment,n
WYRP,WorldYoungReaderPrize,WorldAssociationNewspapersPublishers,Paris,,preis,
Ya,Yahoo,,,,employment,n
YaMB,YasminMBarak,taz,Berlin,FreieJournalistin,person,
YaPo,YasminPolat,watson,,Redakteurin,person,
YDJ,YoungDataJournalistOfTheYear,DeutscheWelle,Berlin,,preis,
YoAm,TheONECampaign,YouthAmbassador,Berlin,,employment,n
YoProCo,30under30YoungProfessionalsInCommunications,PRReport,,,preis,
ZDF,ZweitesDeutschesFernsehen,,Mainz,,employment,j
ZeRe,ZeitenspiegelReportageschule,,Reutlingen,,education,
Zitt,Zitty,,Berlin,,employment,n
ZsRs,ZeitenspiegelReportageschule,,Reutlingen,,education,
PPG,PrimeProductions,,Koeln,,employment,n
DeHaZe,DeutschenHandwerksZeitung,,BadWörishofen,,employment,n
BuIn,BusinessInsider,AxelSpringerSE,Berlin,,employment,n
CaMa,CapitalMagazin,,Berlin,,employment,n
FuMeGr,FunkeMediengruppe,,Berlin,,employment,n
BeMoPo,BerlinerMorgenpost,,Berlin,,employment,n
StZe,StuttgarterZeitung,,Stuttgart,,employment,n
Vog,Vogue,,Berlin,,employment,n
ThGu,TheGuardian,,London,,employment,n
KrRe,Krautreporter,,Berlin,,employment,n
meiKa,meinKA,,Karlsruhe,,employment,n
RTL,RTLDeutschland,,Koeln,,employment,n
RosMag,RosaMag,,Berlin,,employment,n
SueKur,Suedkurier,,Konstanz,,employment,n
BeZe,BerlinerZeitung,,Berlin,,employment,n
yko,YKollektiv,sendefähigGmbH,,employment,j
ntv,NTvDerNachrichtensender,,Koeln,employment,n
ImMed,ImpulseMedien,,Hamburg,,employment,n
Stern,Stern,,Hamburg,,employment,n
EvSc,EvaCarolinSchulz,Funk,Berlin,,person,
ZeUn,ZeppelinUniversitaet,,Friedrichshafen,,education,
HaBl,Handelsblatt,,Duesseldorf,employment,n
